Movies,Drama,LoveScene,Kind
อัจริยะข้ามภพ,6,15,Romantic
สู้ สุด ใจ,11,4,Action
อาชญากรไซเบอร์,17,6,Action
Look Like Love,7,15,Romantic
Never Die,14,8,Action
สงคราม 200,18,7,Action
ข้างหน้าภาพ,12,14,Romantic
รัก รอบ โลก,7,19,Romantic
สามเศร้า,18,10,Action
สะใภ้บ้านทุ่ง,6,15,Romantic
ไฟแก้ไฟ,18,6,Action
ลองของ,16,8,Action
รัก ต้อง รู้,8,16,Romantic
จตุรเทพ,16,5,Action
มดแดงแฝงรัก,6,19,Romantic
ตำนานสัตว์เทพ,17,5,Action
AI อัจริยะ,16,4,Action
ล้วงลับข้อมูล,18,6,Action
ข้ามมิติหาคำตอบ,17,9,Action
